Route,Day,Stop,OrderID,ZIP,Cube_ft3,Arrival,Departure,CumDrive_h,CumDuty_h,RouteMiles,Overnight
1,Mon,DC(start),0,1887,,,07:35,,,,
1,Mon,,28,2110,85,08:00,08:30,0.425,0.925,,
1,Mon,,70,2110,200,08:30,09:00,0.425,1.425,,
1,Mon,,209,2111,246,09:02,09:32,0.45,1.95,,
1,Mon,,244,2210,163,09:35,10:05,0.5,2.5,,
1,Mon,,162,2114,106,10:08,10:38,0.55,3.05,,
1,Mon,,255,2129,120,10:41,11:11,0.6,3.6,,
1,Mon,DC(end),0,1887,920,11:35,,1.0,4.0,40.0,No
2,Mon,DC(start),0,1887,,,07:27,,,,
2,Mon,,32,2493,152,08:00,08:30,0.55,1.05,,
2,Mon,,80,6102,110,10:49,11:19,2.875,3.875,,
2,Mon,,152,6183,211,11:21,11:51,2.9,4.4,,
2,Mon,,58,6183,183,11:51,12:21,2.9,4.9,,
2,Mon,DC(end),0,1887,656,15:08,,5.675,7.675,227.0,No
3,Mon,DC(start),0,1887,,,07:36,,,,
3,Mon,,23,2129,1676,08:00,08:50,0.4,1.238,,
3,Mon,,90,2132,187,09:05,09:35,0.65,1.988,,
3,Mon,,178,2135,165,09:44,10:14,0.8,2.638,,
3,Mon,,117,2466,161,10:23,10:53,0.95,3.288,,
3,Mon,,201,1752,124,11:23,11:53,1.45,4.288,,
3,Mon,,188,2493,127,12:13,12:43,1.775,5.113,,
3,Mon,,251,1821,146,13:08,13:38,2.2,6.038,,
3,Mon,DC(end),0,1887,2586,13:50,,2.4,6.238,96.0,No
4,Mon,DC(start),0,1887,,,04:54,,,,
4,Mon,,40,6415,213,08:00,08:30,3.1,3.6,,
4,Mon,,109,6457,198,09:00,09:30,3.6,4.6,,
4,Mon,,128,6457,204,09:30,10:00,3.6,5.1,,
4,Mon,,250,6517,167,10:34,11:04,4.175,6.175,,
4,Mon,,85,6825,127,11:45,12:15,4.85,7.35,,
4,Mon,,87,6897,163,12:36,13:06,5.2,8.2,,
4,Mon,,241,6524,153,14:04,14:34,6.175,9.675,,
4,Mon,,14,6032,1479,15:19,16:04,6.925,11.164,,
4,Mon,,104,6156,124,16:19,16:49,7.175,11.914,,
4,Mon,,223,6183,144,16:50,17:20,7.2,12.439,,
4,Mon,,192,6103,127,17:22,17:52,7.225,12.964,,
4,Mon,DC(end),0,1887,3099,20:38,,10.0,15.739,400.0,No
5,Mon,DC(start),0,1887,,,06:47,,,,
5,Mon,,20,1581,111,08:00,08:30,1.225,1.725,,
5,Mon,,67,6241,102,09:33,10:03,2.275,3.275,,
5,Mon,,237,6340,148,11:18,11:48,3.525,5.025,,
5,Mon,,207,6340,145,11:48,12:18,3.525,5.525,,
5,Mon,,120,6320,124,12:26,12:56,3.65,6.15,,
5,Mon,,76,6320,631,12:56,13:26,3.65,6.65,,
5,Mon,,217,6269,220,14:20,14:50,4.55,8.05,,
5,Mon,,180,6043,159,15:11,15:41,4.9,8.9,,
5,Mon,,155,6040,184,15:50,16:20,5.05,9.55,,
5,Mon,,45,6108,242,16:29,16:59,5.2,10.2,,
5,Mon,,15,6095,157,17:15,17:45,5.475,10.975,,
5,Mon,,168,6096,170,17:52,18:22,5.6,11.6,,
5,Mon,DC(end),0,1887,2393,21:15,,8.475,14.475,339.0,No
6,Mon,DC(start),0,1887,,,02:58,,,,
6,Mon,,175,5401,160,08:00,08:30,5.025,5.525,,
6,Mon,,258,5401,165,08:30,09:00,5.025,6.025,,
6,Mon,,132,3906,244,14:17,14:47,10.3,11.8,,
6,Mon,DC(end),0,1887,569,16:33,,12.075,13.575,483.0,No
7,Tue,DC(start),0,1887,,,07:30,,,,
7,Tue,,42,2115,135,08:00,08:30,0.5,1.0,,
7,Tue,,186,2139,131,08:33,09:03,0.55,1.55,,
7,Tue,,34,2215,301,09:08,09:38,0.625,2.125,,
7,Tue,,122,2116,283,09:43,10:13,0.725,2.725,,
7,Tue,,51,2116,135,10:13,10:43,0.725,3.225,,
7,Tue,,33,2116,247,10:43,11:13,0.725,3.725,,
7,Tue,DC(end),0,1887,1232,11:40,,1.175,4.175,47.0,No
8,Tue,DC(start),0,1887,,,07:35,,,,
8,Tue,,211,2138,141,08:00,08:30,0.425,0.925,,
8,Tue,,163,2139,119,08:33,09:03,0.475,1.475,,
8,Tue,,71,2142,164,09:05,09:35,0.5,2.0,,
8,Tue,,239,2142,122,09:35,10:05,0.5,2.5,,
8,Tue,,92,2110,226,10:08,10:38,0.55,3.05,,
8,Tue,,72,2114,199,10:39,11:09,0.575,3.575,,
8,Tue,DC(end),0,1887,971,11:35,,1.0,4.0,40.0,No
9,Tue,DC(start),0,1887,,,07:27,,,,
9,Tue,,212,2493,114,08:00,08:30,0.55,1.05,,
9,Tue,,177,6106,164,10:54,11:24,2.95,3.95,,
9,Tue,,235,6115,105,11:28,11:58,3.025,4.525,,
9,Tue,,148,6105,496,12:00,12:30,3.05,5.05,,
9,Tue,DC(end),0,1887,879,15:18,,5.85,7.85,234.0,No
10,Tue,DC(start),0,1887,,,08:00,,,,
10,Tue,,7,1887,491,08:00,08:30,0.0,0.5,,
10,Tue,,78,1821,146,08:42,09:12,0.2,1.2,,
10,Tue,,108,1821,261,09:12,09:42,0.2,1.7,,
10,Tue,,176,1730,226,09:51,10:21,0.35,2.35,,
10,Tue,,26,2481,409,10:43,11:13,0.725,3.225,,
10,Tue,,221,2467,143,11:24,11:54,0.9,3.9,,
10,Tue,,10,2215,203,12:05,12:35,1.075,4.575,,
10,Tue,,187,2138,143,12:41,13:11,1.175,5.175,,
10,Tue,,9,2139,182,13:14,13:44,1.225,5.725,,
10,Tue,,140,2114,136,13:48,14:18,1.3,6.3,,
10,Tue,,8,1910,100,14:35,15:05,1.575,7.075,,
10,Tue,,66,1984,197,15:32,16:01,2.025,8.025,,
10,Tue,,4,1845,111,16:22,16:52,2.375,8.875,,
10,Tue,,22,1845,286,16:52,17:22,2.375,9.375,,
10,Tue,DC(end),0,1887,3034,17:39,,2.65,9.65,106.0,No
11,Tue,DC(start),0,1887,,,04:50,,,,
11,Tue,,57,6457,180,08:00,08:30,3.175,3.675,,
11,Tue,,150,6457,133,08:30,09:00,3.175,4.175,,
11,Tue,,60,6854,110,10:30,11:00,4.675,6.175,,
11,Tue,,224,6902,276,11:15,11:45,4.925,6.925,,
11,Tue,,153,6902,149,11:45,12:15,4.925,7.425,,
11,Tue,,18,6830,394,12:26,12:56,5.1,8.1,,
11,Tue,,107,6927,106,13:11,13:41,5.35,8.85,,
11,Tue,,125,6927,182,13:41,14:11,5.35,9.35,,
11,Tue,,105,6484,572,15:02,15:32,6.2,10.7,,
11,Tue,,74,6524,210,15:57,16:27,6.625,11.625,,
11,Tue,DC(end),0,1887,2312,20:06,,10.275,15.275,411.0,No
12,Tue,DC(start),0,1887,,,05:15,,,,
12,Tue,,133,6082,121,08:00,08:30,2.75,3.25,,
12,Tue,,179,6082,135,08:30,09:00,2.75,3.75,,
12,Tue,,39,6091,257,09:52,10:22,3.625,5.125,,
12,Tue,,52,6032,180,11:00,11:30,4.25,6.25,,
12,Tue,,216,6156,263,11:45,12:15,4.5,7.0,,
12,Tue,,254,6183,111,12:17,12:47,4.525,7.525,,
12,Tue,,88,6040,131,12:58,13:28,4.725,8.225,,
12,Tue,,121,6033,243,13:36,14:06,4.85,8.85,,
12,Tue,,50,6033,131,14:06,14:36,4.85,9.35,,
12,Tue,,68,6349,81,15:42,16:12,5.95,10.95,,
12,Tue,,101,6320,103,16:22,16:52,6.125,11.625,,
12,Tue,,243,6320,89,16:52,17:22,6.125,12.125,,
12,Tue,,49,6320,256,17:22,17:52,6.125,12.625,,
12,Tue,,29,6340,199,18:00,18:30,6.25,13.25,,
12,Tue,DC(end),0,1887,2300,21:31,,9.275,16.275,371.0,No
13,Tue,DC(start),0,1887,,,06:35,,,,
13,Tue,,234,3820,237,08:00,08:30,1.425,1.925,,
13,Tue,,181,4047,243,09:45,10:15,2.675,3.675,,
13,Tue,,182,4276,140,12:17,12:47,4.7,6.2,,
13,Tue,,146,3755,189,16:22,16:52,8.3,10.3,,
13,Tue,DC(end),0,1887,809,19:45,,11.175,13.175,447.0,No
14,Wed,DC(start),0,1887,,,07:13,,,,
14,Wed,,149,1701,137,08:00,08:30,0.775,1.275,,
14,Wed,,248,6105,149,10:34,11:04,2.85,3.85,,
14,Wed,,158,2115,170,13:36,14:06,5.375,6.875,,
14,Wed,,91,2115,250,14:06,14:36,5.375,7.375,,
14,Wed,,240,2114,174,14:40,15:10,5.45,7.95,,
14,Wed,,96,2114,106,15:10,15:40,5.45,8.45,,
14,Wed,,77,2210,157,15:43,16:14,5.5,9.0,,
14,Wed,,206,2110,176,16:17,16:47,5.55,9.55,,
14,Wed,DC(end),0,1887,1319,17:12,,5.975,9.975,239.0,No
15,Wed,DC(start),0,1887,,,07:47,,,,
15,Wed,,1,1801,333,08:00,08:30,0.225,0.725,,
15,Wed,,37,1801,128,08:30,09:00,0.225,1.225,,
15,Wed,,38,2155,143,09:09,09:39,0.375,1.875,,
15,Wed,,173,2155,96,09:39,10:09,0.375,2.375,,
15,Wed,DC(end),0,1887,700,10:27,,0.675,2.675,27.0,No
16,Wed,DC(start),0,1887,,,07:51,,,,
16,Wed,,6,1876,2699,08:00,09:21,0.15,1.499,,
16,Wed,DC(end),0,1887,2699,09:30,,0.3,1.649,12.0,No
17,Wed,DC(start),0,1887,,,05:50,,,,
17,Wed,,13,3431,117,08:00,08:30,2.175,2.675,,
17,Wed,,225,3431,129,08:30,09:00,2.175,3.175,,
17,Wed,,231,1060,151,10:32,11:02,3.7,5.2,,
17,Wed,,81,1101,140,11:30,12:00,4.175,6.175,,
17,Wed,,55,6096,112,12:22,12:52,4.55,7.05,,
17,Wed,,220,6096,98,12:52,13:22,4.55,7.55,,
17,Wed,,253,6095,94,13:30,14:00,4.675,8.175,,
17,Wed,,167,6033,140,14:26,14:56,5.1,9.1,,
17,Wed,,106,6269,186,15:29,15:59,5.65,10.15,,
17,Wed,,193,6269,118,15:59,16:29,5.65,10.65,,
17,Wed,,200,1606,159,17:42,18:12,6.875,12.375,,
17,Wed,DC(end),0,1887,1444,19:33,,8.225,13.725,329.0,No
18,Wed,DC(start),0,1887,,,07:35,,,,
18,Wed,,43,2110,152,08:00,08:30,0.425,0.925,,
18,Wed,,73,2111,120,08:32,09:02,0.45,1.45,,
18,Wed,,24,2370,2077,09:33,10:35,0.975,3.014,,
18,Wed,,139,2332,176,10:59,11:29,1.375,3.913,,
18,Wed,,260,2135,132,12:26,12:56,2.325,5.364,,
18,Wed,,116,1752,164,13:32,14:02,2.925,6.463,,
18,Wed,,138,1854,159,14:49,15:19,3.7,7.739,,
18,Wed,,135,1876,101,15:32,16:02,3.925,8.463,,
18,Wed,DC(end),0,1887,3081,16:11,,4.075,8.614,163.0,No
19,Wed,DC(start),0,1887,,,05:18,,,,
19,Wed,,238,6108,246,08:00,08:30,2.7,3.2,,
19,Wed,,35,6156,236,08:38,09:08,2.825,3.825,,
19,Wed,,123,6032,151,09:22,09:52,3.075,4.575,,
19,Wed,,246,6032,129,09:52,10:22,3.075,5.075,,
19,Wed,,115,6062,286,10:30,11:00,3.2,5.7,,
19,Wed,,48,6524,396,11:36,12:06,3.8,6.8,,
19,Wed,,156,6903,197,13:17,13:47,4.975,8.475,,
19,Wed,,53,6927,112,13:50,14:20,5.025,9.025,,
19,Wed,,257,6901,235,14:30,15:00,5.2,9.7,,
19,Wed,,171,6854,376,15:15,15:45,5.45,10.45,,
19,Wed,,261,6516,130,16:32,17:02,6.225,11.725,,
19,Wed,,54,6517,283,17:15,17:45,6.45,12.45,,
19,Wed,DC(end),0,1887,2777,21:21,,10.05,16.05,402.0,No
20,Wed,DC(start),0,1887,,,05:48,,,,
20,Wed,,205,2840,366,08:00,08:30,2.2,2.7,,
20,Wed,,233,2822,151,09:02,09:32,2.725,3.725,,
20,Wed,,12,2914,608,10:13,10:43,3.425,4.925,,
20,Wed,,27,2914,1594,10:43,11:31,3.425,5.722,,
20,Wed,,62,2903,241,11:36,12:06,3.5,6.297,,
20,Wed,,65,2917,212,12:21,12:51,3.75,7.047,,
20,Wed,DC(end),0,1887,3172,14:36,,5.5,8.797,220.0,No
21,Thu,DC(start),0,1887,,,05:13,,,,
21,Thu,,36,6103,102,08:00,08:30,2.775,3.275,,
21,Thu,,63,6510,112,09:30,10:00,3.775,4.775,,
21,Thu,,75,2493,122,13:13,13:43,7.0,8.5,,
21,Thu,,100,2493,265,13:43,14:13,7.0,9.0,,
21,Thu,DC(end),0,1887,601,14:47,,7.55,9.55,302.0,No
22,Thu,DC(start),0,1887,,,07:30,,,,
22,Thu,,79,2120,148,08:00,08:30,0.5,1.0,,
22,Thu,,183,2115,203,08:32,09:02,0.525,1.525,,
22,Thu,,97,2139,203,09:05,09:35,0.575,2.075,,
22,Thu,,131,2134,142,09:36,10:06,0.6,2.6,,
22,Thu,,190,2215,140,10:09,10:39,0.65,3.15,,
22,Thu,,215,2215,178,10:39,11:09,0.65,3.65,,
22,Thu,,124,2215,160,11:09,11:39,0.65,4.15,,
22,Thu,,202,2108,121,11:47,12:17,0.775,4.775,,
22,Thu,DC(end),0,1887,1295,12:44,,1.225,5.225,49.0,No
23,Thu,DC(start),0,1887,,,07:35,,,,
23,Thu,,159,2110,119,08:00,08:30,0.425,0.925,,
23,Thu,,184,2110,153,08:30,09:00,0.425,1.425,,
23,Thu,,245,2116,227,09:03,09:33,0.475,1.975,,
23,Thu,,46,2142,137,09:38,10:08,0.55,2.55,,
23,Thu,,95,2142,114,10:08,10:38,0.55,3.05,,
23,Thu,,31,2142,173,10:38,11:08,0.55,3.55,,
23,Thu,DC(end),0,1887,923,11:34,,1.0,4.0,40.0,No
24,Thu,DC(start),0,1887,,,07:51,,,,
24,Thu,,5,1867,206,08:00,08:30,0.15,0.65,,
24,Thu,,196,1890,250,08:45,09:15,0.4,1.4,,
24,Thu,,99,2138,172,09:24,09:54,0.55,2.05,,
24,Thu,,210,2139,401,09:57,10:27,0.6,2.6,,
24,Thu,,118,2115,117,10:30,11:00,0.65,3.15,,
24,Thu,,69,2115,141,11:00,11:30,0.65,3.65,,
24,Thu,,189,2116,123,11:33,12:03,0.7,4.2,,
24,Thu,,103,2116,130,12:03,12:33,0.7,4.7,,
24,Thu,,84,4092,175,15:17,15:47,3.425,7.925,,
24,Thu,,170,4101,188,15:57,16:27,3.6,8.6,,
24,Thu,,222,4101,105,16:27,16:57,3.6,9.1,,
24,Thu,,151,4101,105,16:57,17:27,3.6,9.6,,
24,Thu,DC(end),0,1887,2113,19:56,,6.075,12.075,243.0,No
25,Thu,DC(start),0,1887,,,07:48,,,,
25,Thu,,21,1821,1396,08:00,08:42,0.2,0.898,,
25,Thu,,113,1886,163,09:04,09:34,0.575,1.773,,
25,Thu,,195,3054,319,10:09,10:39,1.15,2.848,,
25,Thu,,199,3103,197,10:57,11:27,1.45,3.648,,
25,Thu,,56,3101,94,11:31,12:01,1.525,4.223,,
25,Thu,,194,3755,112,14:03,14:33,3.55,6.748,,
25,Thu,,218,3755,193,14:33,15:03,3.55,7.248,,
25,Thu,,86,3766,193,15:25,15:55,3.925,8.123,,
25,Thu,,136,3109,257,17:46,18:16,5.775,10.473,,
25,Thu,DC(end),0,1887,2924,19:10,,6.675,11.373,267.0,No
26,Thu,DC(start),0,1887,,,05:12,,,,
26,Thu,,127,6105,127,08:00,08:30,2.8,3.3,,
26,Thu,,102,6033,168,08:45,09:15,3.05,4.05,,
26,Thu,,61,6492,103,09:54,10:24,3.7,5.2,,
26,Thu,,134,6451,225,10:38,11:08,3.925,5.925,,
26,Thu,,119,6524,138,11:32,12:02,4.325,6.825,,
26,Thu,,197,6851,348,12:58,13:28,5.275,8.275,,
26,Thu,,256,6854,152,13:34,14:04,5.375,8.875,,
26,Thu,,137,6840,195,14:18,14:48,5.6,9.6,,
26,Thu,,147,6927,173,15:01,15:31,5.825,10.325,,
26,Thu,,227,6877,125,15:54,16:24,6.2,11.2,,
26,Thu,,214,6814,251,16:34,17:04,6.375,11.875,,
26,Thu,,247,6814,166,17:04,17:34,6.375,12.375,,
26,Thu,DC(end),0,1887,2171,21:51,,10.65,16.65,426.0,No
27,Thu,DC(start),0,1887,,,07:13,,,,
27,Thu,,219,1701,137,08:00,08:30,0.775,1.275,,
27,Thu,,229,1752,180,08:39,09:09,0.925,1.925,,
27,Thu,,142,2493,195,09:28,09:58,1.25,2.75,,
27,Thu,,25,2451,2614,10:04,11:23,1.35,4.157,,
27,Thu,DC(end),0,1887,3126,11:51,,1.825,4.632,73.0,No
28,Thu,DC(start),0,1887,,,07:10,,,,
28,Thu,,232,2188,146,08:00,08:30,0.825,1.325,,
28,Thu,,259,2747,131,09:52,10:22,2.2,3.2,,
28,Thu,,93,6340,219,12:19,12:49,4.15,5.65,,
28,Thu,,160,6340,260,12:49,13:19,4.15,6.15,,
28,Thu,,166,6320,474,13:27,13:57,4.275,6.775,,
28,Thu,,154,2766,345,15:49,16:19,6.15,9.15,,
28,Thu,,185,2111,158,17:16,17:46,7.1,10.6,,
28,Thu,,141,2111,123,17:46,18:16,7.1,11.1,,
28,Thu,DC(end),0,1887,1856,18:43,,7.55,11.55,302.0,No
29,Fri,DC(start),0,1887,,,07:27,,,,
29,Fri,,165,2493,128,08:00,08:30,0.55,1.05,,
29,Fri,,174,2453,182,08:36,09:06,0.65,1.65,,
29,Fri,,242,2138,109,09:18,09:48,0.85,2.35,,
29,Fri,,169,2120,202,09:57,10:27,1.0,3.0,,
29,Fri,,236,2115,221,10:28,10:58,1.025,3.525,,
29,Fri,,82,2199,161,11:00,11:30,1.05,4.05,,
29,Fri,,47,2111,121,11:33,12:03,1.1,4.6,,
29,Fri,,208,2114,140,12:06,12:36,1.15,5.15,,
29,Fri,DC(end),0,1887,1264,13:02,,1.575,5.575,63.0,No
30,Fri,DC(start),0,1887,,,07:48,,,,
30,Fri,,2,1821,556,08:00,08:30,0.2,0.7,,
30,Fri,,203,1420,444,09:28,09:58,1.175,2.175,,
30,Fri,,89,1510,390,10:24,10:54,1.6,3.1,,
30,Fri,,198,1581,102,11:21,11:51,2.05,4.05,,
30,Fri,,228,1772,119,12:02,12:32,2.225,4.725,,
30,Fri,,249,1701,106,12:43,13:13,2.425,5.425,,
30,Fri,,191,2451,131,13:36,14:06,2.8,6.3,,
30,Fri,,126,1801,195,14:25,14:55,3.125,7.125,,
30,Fri,,230,1867,132,15:03,15:33,3.25,7.75,,
30,Fri,DC(end),0,1887,2175,15:42,,3.4,7.9,136.0,No
31,Fri,DC(start),0,1887,,,07:43,,,,
31,Fri,,3,1843,903,08:00,08:30,0.275,0.775,,
31,Fri,,110,4101,177,10:45,11:15,2.525,3.525,,
31,Fri,,252,1970,181,13:38,14:08,4.9,6.4,,
31,Fri,,59,2129,187,14:39,15:09,5.425,7.425,,
31,Fri,DC(end),0,1887,1448,15:33,,5.825,7.825,233.0,No
32,Fri,DC(start),0,1887,,,07:27,,,,
32,Fri,,11,2493,3153,08:00,09:35,0.55,2.127,,
32,Fri,DC(end),0,1887,3153,10:08,,1.1,2.676,44.0,No
33,Fri,DC(start),0,1887,,,04:52,,,,
33,Fri,,41,6035,163,08:00,08:30,3.125,3.625,,
33,Fri,,213,6032,154,08:57,09:27,3.575,4.575,,
33,Fri,,16,6156,255,09:42,10:12,3.825,5.325,,
33,Fri,,145,6103,122,10:13,10:43,3.85,5.85,,
33,Fri,,161,6108,237,10:48,11:18,3.925,6.425,,
33,Fri,,94,6108,150,11:18,11:48,3.925,6.925,,
33,Fri,,30,6108,205,11:48,12:18,3.925,7.425,,
33,Fri,,114,6084,78,12:45,13:15,4.375,8.375,,
33,Fri,,44,6340,164,14:28,14:58,5.6,10.1,,
33,Fri,,143,6320,164,15:06,15:36,5.725,10.725,,
33,Fri,,17,6320,343,15:36,16:06,5.725,11.225,,
33,Fri,,130,1570,336,17:33,18:03,7.175,13.175,,
33,Fri,DC(end),0,1887,2371,19:48,,8.925,14.925,357.0,No
34,Fri,DC(start),0,1887,,,04:21,,,,
34,Fri,,98,6524,98,08:00,08:30,3.65,4.15,,
34,Fri,,164,6524,149,08:30,09:00,3.65,4.65,,
34,Fri,,112,6615,181,09:36,10:06,4.25,5.75,,
34,Fri,,226,6615,187,10:06,10:36,4.25,6.25,,
34,Fri,,64,6824,143,10:58,11:28,4.625,7.125,,
34,Fri,,129,6901,88,11:55,12:25,5.075,8.075,,
34,Fri,,157,6870,126,12:30,13:00,5.15,8.65,,
34,Fri,,19,6902,896,13:04,13:34,5.225,9.225,,
34,Fri,,83,6877,172,14:10,14:40,5.825,10.325,,
34,Fri,,172,6810,261,14:51,15:21,6.0,11.0,,
34,Fri,,144,6814,147,15:25,15:55,6.075,11.575,,
34,Fri,,111,6050,186,17:13,17:43,7.375,13.375,,
34,Fri,,204,6051,423,17:45,18:15,7.4,13.9,,
34,Fri,DC(end),0,1887,3057,21:15,,10.4,16.9,416.0,No
